<?xml version="1.0" encoding="utf-8"?>
<insultes>
	<insulte id="1">agnaflai</insulte>
	<insulte id="2">amagan</insulte>
	<insulte id="3">anani sikerim</insulte>
	<insulte id="4">anayin ami</insulte>
	<insulte id="5">anus de poulpe</insulte>
	<insulte id="6">arschloch</insulte>
	<insulte id="7">artaïl</insulte>
	<insulte id="8">aspirateur à bites</insulte>
	<insulte id="9">aspirateur à muscadet</insulte>
	<insulte id="10">asshole</insulte>
	<insulte id="11">ateye</insulte>
	<insulte id="12">balafamouk</insulte>
	<insulte id="13">baptou</insulte>
	<insulte id="14">balai de chiottes</insulte>
	<insulte id="15">bassine a foutre</insulte>
	<insulte id="16">bite molle</insulte>
	<insulte id="17">bit molle</insulte>
	<insulte id="18">bite de moll</insulte>
	<insulte id="19">bit moll</insulte>
	<insulte id="20">bleubite</insulte>
	<insulte id="21">bordel</insulte>
	<insulte id="22">bordel à cul</insulte>
	<insulte id="23">bordel de merde</insulte>
	<insulte id="24">bordel de con</insulte>
	<insulte id="25">bolosse</insulte>
	<insulte id="26">bouche à pipe</insulte>
	<insulte id="27">bouffon</insulte>
	<insulte id="28">bougre de con</insulte>
	<insulte id="29">bougre de conne</insulte>
	<insulte id="30">boursemolle</insulte>
	<insulte id="31">boursouflure</insulte>
	<insulte id="32">bouseux</insulte>
	<insulte id="33">boz</insulte>
	<insulte id="34">branleur</insulte>
	<insulte id="35">butor</insulte>
	<insulte id="36">cabron</insulte>
	<insulte id="37">caja de miera</insulte>
	<insulte id="38">chancreux</insulte>
	<insulte id="39">chien d'infidèle</insulte>
	<insulte id="40">chien galeux</insulte>
	<insulte id="41">chieur</insulte>
	<insulte id="42">chiant</insulte>
	<insulte id="43">clawi</insulte>
	<insulte id="44">conard</insulte>
	<insulte id="45">connard</insulte>
	<insulte id="46">connasse</insulte>
	<insulte id="47">conne</insulte>
	<insulte id="48">cono</insulte>
	<insulte id="49">con</insulte>
	<insulte id="50">couille de loup</insulte>
	<insulte id="51">couille de moineau</insulte>
	<insulte id="52">couille de têtard</insulte>
	<insulte id="53">couille molle</insulte>
	<insulte id="54">couillon</insulte>
	<insulte id="55">crevard</insulte>
	<insulte id="56">crevure</insulte>
	<insulte id="57">crétin</insulte>
	<insulte id="58">cul de babouin</insulte>
	<insulte id="59">cul terreux</insulte>
	<insulte id="60">degueulasse</insulte>
	<insulte id="61">ducon</insulte>
	<insulte id="62">dégénéré chromozomique</insulte>
	<insulte id="63">embrayage</insulte>
	<insulte id="64">emmerdeur</insulte>
	<insulte id="65">encule ta mère</insulte>
	<insulte id="66">enculeur de mouches</insulte>
	<insulte id="67">enculé</insulte>
	<insulte id="68">enfant de tainpu</insulte>
	<insulte id="69">face de bite</insulte>
	<insulte id="70">face de caca</insulte>
	<insulte id="71">face de cul</insulte>
	<insulte id="72">face de pet</insulte>
	<insulte id="73">face de rat</insulte>
	<insulte id="74">fils de pute</insulte>
	<insulte id="75">fouille merde</insulte>
	<insulte id="76">grognasse</insulte>
	<insulte id="77">gros con</insulte>
	<insulte id="78">hijo de puta</insulte>
	<insulte id="79">lopette</insulte>
	<insulte id="80">manche à couille</insulte>
	<insulte id="81">mange merde</insulte>
	<insulte id="82">merde</insulte>
	<insulte id="83">mist</insulte>
	<insulte id="84">moudlabite</insulte>
	<insulte id="85">nike ta mère</insulte>
	<insulte id="86">pauvre con</insulte>
	<insulte id="87">pendejo</insulte>
	<insulte id="88">perra</insulte>
	<insulte id="89">petite merde</insulte>
	<insulte id="90">ptit con</insulte>
	<insulte id="91">petit con</insulte>
	<insulte id="92">playboy de superette</insulte>
	<insulte id="93">pouffiasse</insulte>
	<insulte id="94">putain</insulte>
	<insulte id="95">pute</insulte>
	<insulte id="96">put</insulte>
	<insulte id="97">pute au rabais</insulte>
	<insulte id="98">pétasse</insulte>
	<insulte id="99">quéquette</insulte>
	<insulte id="100">raclure de bidet</insulte>
	<insulte id="101">raclure de chiotte</insulte>
	<insulte id="102">sac à merde</insulte>
	<insulte id="103">safali</insulte>
	<insulte id="104">salaud</insulte>
	<insulte id="105">sale pute</insulte>
	<insulte id="106">sal pute</insulte>
	<insulte id="107">sal put</insulte>
	<insulte id="108">sale put</insulte>
	<insulte id="109">sale con</insulte>
	<insulte id="110">sal con</insulte>
	<insulte id="111">sale connard</insulte>
	<insulte id="112">sal connard</insulte>
	<insulte id="113">sal conard</insulte>
	<insulte id="114">sale connard</insulte>
	<insulte id="115">sale conard</insulte>
	<insulte id="116">saligaud</insulte>
	<insulte id="117">salopard</insulte>
	<insulte id="118">salope</insulte>
	<insulte id="119">sous merde</insulte>
	<insulte id="120">spermatozoide avarié</insulte>
	<insulte id="121">suce bites</insulte>
	<insulte id="122">trou de balle</insulte>
	<insulte id="123">trou du cul</insulte>
	<insulte id="124">trou du kul</insulte>
	<insulte id="125">trou du qu</insulte>
	<insulte id="126">trou du ku</insulte>
	<insulte id="127">trou de bite</insulte>
	<insulte id="128">tête de bite</insulte>
	<insulte id="129">va te faire</insulte>
	<insulte id="130">va te faire niker</insulte>
	<insulte id="131">vieux con</insulte>
	<insulte id="132">enculer</insulte>
</insultes>